feature	metadata	value	coef	stderr	N	N.not.0	pval	qval
Coprobacillaceae	day_collected	day_collected	0.030082590331361	0.0054454161218071	147	100	1.77197638907121e-07	8.08021233416472e-05
Lachnospiraceae	sofa_score_total	sofa_score_total	-0.0625449231629389	0.0150278223477617	147	113	5.75047815892652e-05	0.00874072680156831
Oscillospiraceae	sofa_score_total	sofa_score_total	-0.014741873955751	0.00352967522656973	147	98	5.43512420569042e-05	0.00874072680156831
Lactobacillaceae	sofa_score_total	sofa_score_total	0.0607624290330624	0.0166884889363907	147	96	0.000392941634396446	0.0447953463211948
Rikenellaceae	race_factor	White, Hispanic	0.0948426697625498	0.0265388521402789	147	83	0.000497038305853676	0.0453298934938552
