"measure","count","total","percent"
"HS_LMDS",68,147,46.2585034013605
"HS_HMDS",10,147,6.80272108843537
"LS_LMDS",36,147,24.4897959183673
"LS_HMDS",33,147,22.4489795918367
